[
  {
    "id": 1,
    "name": "Napoletana",
    "description": "Fresh tomatoes and mozzarella cheese.",
    "price": 14.99
  },
  {
    "id": 2,
    "name": "Marinara",
    "description": "Fresh tomatoes, extra virgin olive oil, oregano and garlic.",
    "price": 14.99
  },
  {
    "id": 3,
    "name": "Caprese",
    "description": "Fresh mozzarella, tomatoes, basil and balsamic vinegar.",
    "price": 14.99
  },
  {
    "id": 4,
    "name": "Margherita",
    "description": "Fresh tomatoes, mozzarella cheese, fresh basil, salt and extra-virgin olive oil.",
    "price": 14.99
  }
]
